Site,SurveyYear,VegHeight,GrassPct,ShrubPct,ForbPct,CropPct,OpenGroundPct
0,2018,31,50.66666667,0,8.133333333,0,41.26666667
1,2018,28.13333333,1.066666667,0,25.33333333,14.73333333,58.86666667
2,2018,22.26666667,1.333333333,2,14.33333333,0,82.33333333
3,2018,32.93333333,0.866666667,0,25.33333333,0,67.46666667
4,2018,31.4,63.8,0,0.4,0,35.8
5,2018,29.46666667,24.33333333,0,4.666666667,0,71
6,2018,28.33333333,54.73333333,0,2.6,0,42.53333333
7,2018,41.6,36.66666667,0,24.66666667,0,38.66666667
8,2018,25.93333333,47.8,0,7.066666667,0,45.13333333
9,2018,17.13333333,18.66666667,0.333333333,1.666666667,0,80
10,2018,17.6,27.06666667,0,13,0,59.93333333
11,2018,20,37.26666667,0,9.666666667,16,37.06666667
12,2018,29.93333333,42.73333333,0,4.866666667,7.133333333,45.26666667
13,2018,15.46666667,51.8,0,1.933333333,0,46.93333333
14,2018,30.6,18.66666667,6.666666667,5.666666667,0,69
15,2018,9.866666667,14.33333333,0,18.86666667,0,66.46666667
16,2018,44,0,0,9,4.333333333,86.66666667
17,2018,22.53333333,10.06666667,5.2,5.4,0,79.33333333
18,2018,19.06666667,20.86666667,2.266666667,18.06666667,0,58.8
19,2018,7.533333333,19,0,5,0,76
20,2018,24.86666667,27,5.333333333,9.8,0,57.86666667
21,2018,11.73333333,31.33333333,0.666666667,5.666666667,0,62.33333333
22,2018,27.86666667,64.53333333,0,4.066666667,0,25.4
23,2018,22.6,60.13333333,0,10.13333333,0,29.73333333
24,2018,52.86666667,43.33333333,6.666666667,12.26666667,0,37.73333333
25,2018,34.6,18.73333333,0,2.266666667,20.33333333,58.66666667
26,2018,25.53333333,45.66666667,0,9.8,0,44.53333333
27,2018,6.333333333,0,0,9.466666667,0,90.53333333
28,2018,21.6,14.33333333,0,2,0,83.66666667
29,2018,25.86666667,23.53333333,0,17.4,0,59.06666667
30,2018,32.86666667,30.66666667,0.333333333,2,0,67
31,2018,19.2,14.26666667,0,17.06666667,26.6,42.06666667
32,2018,18.2,49.66666667,0,2.666666667,0,47.66666667
33,2018,32.93333333,60.4,0,6.2,0,33.4
34,2018,32.8,0,0,3,4.666666667,92.33333333
35,2018,21.66666667,25,0,9.4,27.53333333,37.4
36,2018,29.6,19.86666667,0,2.466666667,30,47
37,2018,16.46666667,42.4,0,3.066666667,0,53.2
38,2018,9.6,45.13333333,0,0.6,0,54.26666667
39,2018,30.26666667,25.4,0,5.2,0,69.4
40,2018,27.2,18.26666667,0,38.2,0,43.53333333
41,2018,53.6,63.66666667,0,9,0,27.66666667
42,2018,27.4,40.4,0,0.8,0,58.8
43,2018,37.93333333,35.46666667,0,24.06666667,0,36.13333333
44,2018,11.06666667,17.93333333,0,0.733333333,0,81.46666667
45,2018,32.53333333,33.33333333,0,6.066666667,0,60.6
46,2018,10.4,23.66666667,0,3.333333333,0,73
47,2018,38.53333333,55.33333333,0,3.066666667,0,41.6
48,2018,29.6,37.2,0,2.6,11.8,48.4
49,2018,4,0.1,0,6.4,2.4,91.1
50,2018,15.6,65,0,3.333333333,0,31.66666667
51,2018,23.73333333,16.53333333,0,21.2,0.266666667,62
52,2018,33.13333333,72,0,1.333333333,0,26.66666667
53,2018,103.2,0,0,22.66666667,3.666666667,73.66666667
54,2018,14.8,34,0,7.666666667,0,58.33333333
55,2018,15.33333333,23,0,1.133333333,0,75.86666667
56,2018,8.066666667,33.6,0,5.8,0,60.6
57,2018,15.66666667,19.2,0,3.466666667,1.466666667,75.86666667
58,2018,38.26666667,7.333333333,17,27,0,49.33333333
59,2018,14.6,56.13333333,0,1.866666667,0,41.66666667
60,2018,26.8,19,0,4,0,77
61,2018,25.86666667,11.66666667,0,9,0,79.33333333
62,2018,14.6,26.6,0,6.2,0,67.2
63,2018,13.13333333,28,0,4.666666667,0,67.33333333
64,2018,40.2,36,0,8.666666667,0,55.33333333
65,2018,19.06666667,1.666666667,0,2,6.666666667,89.66666667
66,2018,13.6,8.8,0,5.6,0,85.6
67,2018,36.66666667,56.33333333,6.666666667,3.866666667,0,33.13333333
68,2018,34.33333333,45.33333333,0,0.666666667,5.666666667,48.33333333
69,2018,43.13333333,42.33333333,0,13.26666667,0,43.73333333
70,2018,50.4,20,0,4.333333333,0.666666667,75
71,2018,6.7,0.1,0,5.3,4.2,90.4
72,2018,18.86666667,10,0,9,0,81
73,2018,44.13333333,42.6,0,2.066666667,12.53333333,42.8
74,2018,66.06666667,15.33333333,0,52.66666667,0,31.33333333
75,2018,57.46666667,21.73333333,0,7.866666667,20.33333333,50.06666667
76,2018,12.06666667,26,0,4.666666667,0,69.33333333
77,2018,16.5,39.4,0,1,0,59.6
78,2018,16,29,1.333333333,2,0,67.66666667
79,2018,23.8,8.333333333,0,12,10.53333333,69.13333333
80,2018,24.26666667,5.333333333,2.666666667,5.666666667,0,86.33333333
81,2018,18.4,20.66666667,0,5.266666667,0,74.06666667
82,2018,22,14.06666667,0,2.4,0,82.2
83,2018,20.6,16.66666667,7,2.666666667,0,73.66666667
84,2018,36.66666667,30.4,0,32.4,0,37.2
85,2018,15.53333333,49.13333333,0,1.133333333,0,49.73333333
86,2018,33.6,39.66666667,0,0,0,60.33333333
87,2018,30,54.53333333,0,3.133333333,0,41.66666667
88,2018,35.26666667,21.66666667,0,44.33333333,0,34
89,2018,13,18,0.666666667,6,0.333333333,75
90,2018,35.46666667,42,0,12.46666667,0,45.53333333
91,2018,30.13333333,23.2,0,13.13333333,0,64.2
92,2018,58.26666667,76.33333333,0,2.466666667,0,21.26666667
93,2018,26.8,17.66666667,3.333333333,6,0,73
94,2018,10.26666667,34.66666667,0,4.733333333,0,60.6
95,2018,10.13333333,34.6,0,3,0,62.53333333
96,2018,28.86666667,26.66666667,0.333333333,1.333333333,0,71.66666667
97,2018,15.6,51.2,0,4.066666667,0,44.73333333
98,2018,29.66666667,4.666666667,9,14.33333333,0,72
99,2018,26.06666667,64,0,9.533333333,0,26.46666667
100,2018,33.66666667,45.4,0,0.533333333,0,53.93333333
101,2018,33.53333333,23,0,2.333333333,0,74.66666667
102,2018,48.13333333,10.2,0,1.333333333,15.93333333,72.53333333
103,2018,13.66666667,24,0,3.333333333,0,72.66666667
104,2018,32.33333333,66.66666667,0,0.8,0,32.53333333
105,2018,22.13333333,34.13333333,0,1.466666667,0,64.13333333
106,2018,10.33333333,22.33333333,0,2.533333333,24,51.13333333
107,2018,25.26666667,15,4.333333333,2,0,78.66666667
108,2018,12.46666667,42.6,0,5.666666667,0,51.73333333
109,2018,23,9.333333333,0.333333333,12.33333333,0,78
111,2018,17.4,51.53333333,0,1.866666667,0,46.6
112,2018,42.26666667,57.46666667,0,3.133333333,0,40
113,2018,27.86666667,10.66666667,0,2.666666667,0,86.66666667
114,2018,24.33333333,37.33333333,0,9,0,53.66666667
115,2018,27.33333333,17.66666667,6.666666667,19,0,56.66666667
116,2018,18.4,36.53333333,0,26.66666667,0,36.46666667
117,2018,21.66666667,60.66666667,0,3,0,36.53333333
118,2018,0,0,0,0,0,100
119,2018,44.73333333,39.66666667,4,11.73333333,0,44.6
120,2018,11.06666667,5,1,1,0,93
121,2018,20.73333333,12.66666667,0.333333333,25.33333333,0,61.66666667
122,2018,27.46666667,18.33333333,1.333333333,43,0,37.33333333
123,2018,21.66666667,51.66666667,0.2,8.866666667,0,39.26666667
124,2018,27.53333333,8.333333333,7,41.33333333,0,44
125,2018,21.26666667,38.66666667,0,3,0,58.33333333
126,2018,48,22.33333333,0,46.33333333,0,31.33333333
127,2018,10.93333333,7,0,2.333333333,0,90.66666667
129,2018,38.86666667,3,0,18.66666667,0,78.33333333
130,2018,28.93333333,57.86666667,0,0,0,42.13333333
132,2018,23.2,21.66666667,0,4.333333333,0,74
133,2018,16.66666667,59.93333333,0,0,0,40.06666667
134,2018,4.866666667,5.933333333,0,0,0,94.06666667
135,2018,36.6,0,0,12.66666667,2.333333333,85
136,2018,21,0,0,11,16.86666667,72.13333333
137,2018,32.26666667,35.06666667,0,13.13333333,0,51.8
138,2018,37.73333333,88.6,0,0,0,10.4
139,2018,14.06666667,47.2,0,2.133333333,0,50.66666667
140,2018,26.46666667,53.33333333,0,1.266666667,0,46.06666667
141,2018,21.86666667,12,0,3.666666667,0,84.33333333
142,2018,23.26666667,56.73333333,0,0,0,43.26666667
143,2018,52.86666667,72,0,1.4,0,20.6
144,2018,23.73333333,8.8,0,0,20.33333333,70.86666667
145,2018,40.2,50.66666667,0,5.333333333,0,44.66666667
146,2018,45.8,21.8,0,26.86666667,0,51.33333333
147,2018,34.46666667,24.33333333,0,4,0,71
148,2018,45.86666667,11.33333333,0,0.333333333,6.666666667,81.66666667
149,2018,4.4,2.333333333,0,0,2,95.66666667
150,2018,27.26666667,35.4,0,8.666666667,0,55.93333333
151,2018,12.4,31.53333333,0,3.6,8.333333333,55.86666667
152,2018,28.93333333,41,0,2.333333333,0,56.66666667
153,2018,13.53333333,21.66666667,0.666666667,6,0,71.66666667
154,2018,14.8,12.66666667,0,5.333333333,0,82
155,2018,47.13333333,77,0,2.333333333,0,20
156,2018,12.73333333,17.33333333,0,4.866666667,0,77.8
157,2018,52.13333333,71.6,0,7.2,0,21.53333333
158,2018,12.4,8.333333333,0,4.666666667,0,84.33333333
159,2018,19,49.13333333,0,13.8,0,36.93333333
160,2018,28.73333333,13.66666667,0,5.333333333,0,81
161,2018,29.66666667,32.93333333,0,0,0,67.06666667
162,2018,58.8,20.33333333,32,6.666666667,0,41
163,2018,27.26666667,29.33333333,21.33333333,3.533333333,0,45.8
164,2018,13.33333333,28,0,4,0,68
165,2018,65.06666667,0,0,6.666666667,32.66666667,60.66666667
166,2018,26.2,19.66666667,0,0,0,80.33333333
167,2018,21.33333333,30.2,0,3.533333333,3.333333333,62.93333333
168,2018,1.4,0,0,0,7.333333333,92.66666667
169,2018,30.86666667,80.33333333,0,0.2,0,19.46666667
170,2018,74.4,64,0,3.666666667,0,32.33333333
171,2018,14.06666667,24.46666667,0,19.13333333,0,56.66666667
172,2018,6,1.666666667,0,2.333333333,0.333333333,95.66666667
173,2018,68.93333333,2.666666667,0,5,4.666666667,87.66666667
174,2018,68.4,2.666666667,2,56.33333333,6.666666667,32.33333333
175,2018,18.2,52.86666667,0,8,0,39.26666667
176,2018,8.866666667,13.33333333,0,2,0,84.66666667
177,2018,50.13333333,66,0,7.666666667,0,26.33333333
178,2018,30.46666667,20,0,5.666666667,0,74.33333333
180,2018,57.53333333,19.33333333,0,7.666666667,35.33333333,37.66666667
181,2018,16.53333333,37.33333333,0,3.4,0,59.6
182,2018,34.4,18.66666667,0,3,0,78.33333333
183,2018,23.8,31,0,13.2,0,55.8
184,2018,39.33333333,54.86666667,0,1.533333333,0,43.6
185,2018,37,74.93333333,0,2.666666667,0,22.4
186,2018,16.33333333,24.66666667,1.666666667,1.666666667,0,72
187,2018,31.93333333,24.86666667,6.666666667,11.26666667,0,57.4
188,2018,26.66666667,24.66666667,2.333333333,0.333333333,0,72.66666667
189,2018,34.33333333,61.4,0,0,0,38.73333333
190,2018,28.46666667,51,0,3.933333333,0,45.06666667
191,2018,19.2,22.33333333,0,1.666666667,0,76
192,2018,16.66666667,27,0,0.666666667,0,72.66666667
193,2018,18.6,0,0,16,0,84
194,2018,25.46666667,26.33333333,0,1.133333333,0,72.53333333
195,2018,6.2,0,0,10.86666667,9.333333333,80.46666667
196,2018,15.6,61.6,0,1.933333333,0,35.8
197,2018,11.26666667,40,0,1.2,0,58.26666667
198,2018,54.26666667,27.66666667,0,22,0,50.33333333
199,2018,29.8,52.8,0,0,0,47.2
200,2018,38,43.6,0,0.6,0,55.8
201,2018,23,43.33333333,0,5.133333333,0,51.53333333
202,2018,16.46666667,62.46666667,0,4.066666667,0,33.46666667
203,2018,10.4,23.9,0,15.7,0,60.4
204,2018,14.73333333,14,0,1,0,85
205,2018,29.8,0.8,0,0,42.26666667,57.06666667
206,2018,30.53333333,57.8,0,0.2,0,42
207,2018,16.8,30.66666667,0,8.733333333,0,60.6
208,2018,8.133333333,24.33333333,0,2.333333333,0,73.33333333
209,2018,20.8,33.86666667,1,5.4,0,59.86666667
210,2018,7,23.46666667,0,2.133333333,0,73.2
211,2018,18.53333333,0,0,0,21.73333333,78.26666667
212,2018,81.66666667,0,0,0.333333333,6,93.66666667
213,2018,40.66666667,26.33333333,0,5.333333333,0,68.33333333
214,2018,40.66666667,52.33333333,0,0.866666667,0,46.8
215,2018,30.93333333,2,12.33333333,18,0,67.66666667
216,2018,21.13333333,17.33333333,0,13.66666667,0,69
217,2018,26.53333333,66.8,0,3.8,0,29.4
218,2018,80.73333333,83.8,0,6.2,0,10.66666667
219,2018,36.73333333,15,0,20,1,64.66666667
220,2018,41.73333333,57.4,0,16.86666667,0,25.93333333
221,2018,25.8,29.13333333,0,2.066666667,32.26666667,36.53333333
222,2018,33.86666667,28.33333333,0,23.66666667,0,45.66666667
223,2018,80.06666667,23,6.666666667,17.73333333,0,52.66666667
224,2018,7.2,0,0,0,2.333333333,97.66666667
225,2018,20.8,0,0,12.4,9.666666667,77.93333333
226,2018,12.86666667,63.46666667,0,0,0,36.53333333
227,2018,25.13333333,63.6,0,12.8,0,24.93333333
229,2018,21.2,18.33333333,0.333333333,5.333333333,5.333333333,70.66666667
230,2018,14.33333333,37.53333333,0,8.066666667,0,53.73333333
231,2018,20.73333333,24.4,0,16.26666667,0,59.33333333
232,2018,6.4,37.8,0,0,0,62.06666667
234,2018,15,27.33333333,1.666666667,15.66666667,0,55.33333333
235,2018,21.53333333,42.66666667,0,11.8,0,45.53333333
236,2018,22.33333333,56.06666667,0,10.8,0,33.8
237,2018,38.73333333,75.26666667,0,2.466666667,0,22.26666667
238,2018,13.8,60.93333333,0,1.4,0,37
239,2018,16,25.66666667,0,6.333333333,0,68
240,2018,42.2,30.4,1.133333333,0.733333333,0.2,67.4
241,2018,75,0,0,10.33333333,19,71.33333333
242,2018,27,25.53333333,0,13,0,61.33333333
243,2018,7.2,64.8,0,1.133333333,0,34.13333333
244,2018,32.4,37,0.666666667,1.666666667,2,58.66666667
245,2018,16.66666667,17.66666667,0,6.333333333,0,76
246,2018,7.266666667,12.66666667,0.333333333,4,0,83
247,2018,99.33333333,69.33333333,0,0,0,30.66666667
248,2018,14.73333333,30.26666667,0,4,1.466666667,64.26666667
249,2018,17.6,25.33333333,0.333333333,2.333333333,0,72
250,2018,57.26666667,41.33333333,0,33.33333333,0,27.13333333
251,2018,16,46.13333333,0,7.933333333,0,45.93333333
252,2018,26.73333333,44.33333333,0,8.8,0,46.86666667
253,2018,27.13333333,23.33333333,0.666666667,7.333333333,0,68.66666667
254,2018,20.4,46.53333333,0,3.8,0,49
255,2018,1.8,1.666666667,0,0,0,98.33333333
256,2018,11.46666667,30,0,0,0,70
257,2018,28.33333333,12,5.333333333,8.733333333,0,74
258,2018,39.73333333,25.66666667,1.333333333,2,0,71
259,2018,18.8,38.93333333,0,2.066666667,2.466666667,56.53333333
260,2018,32.46666667,8,1.666666667,46.66666667,0,43.66666667
261,2018,34.6,45,0,11.13333333,0,43.86666667
262,2018,38.66666667,36.66666667,0,0,0,63.33333333
263,2018,25.26666667,19,0.666666667,8.666666667,0,71.66666667
264,2018,52.73333333,59.66666667,0,0,0,40.33333333
265,2018,29.33333333,53.46666667,0,0,0,46.53333333
266,2018,10,31,0,3,0,66
267,2018,3.733333333,15.13333333,0,0.2,0,84.66666667
268,2018,25.93333333,40,0,5.333333333,0,54.66666667
269,2018,26.66666667,32.33333333,0,0,0,67.66666667
270,2018,15,6,2.666666667,8.666666667,0,82.66666667
271,2018,5.4,18,0,1,0,81
272,2018,115.5333333,20.8,0,18.33333333,38.8,27.4
273,2018,42.73333333,33.93333333,0,12.66666667,5.533333333,53.2
274,2018,20.46666667,23.46666667,0,5.933333333,0,70.6
275,2018,10.26666667,23,0,1,0.666666667,75.33333333
276,2018,14.53333333,3.666666667,0,1.666666667,8.666666667,86
277,2018,8.6,18.33333333,0,1,0,80.66666667
278,2018,35.66666667,0,2.333333333,24,0,73.66666667
279,2018,31.53333333,24.6,0.533333333,4.733333333,0,70.46666667
280,2018,32.4,8,4.333333333,9.666666667,0,79.33333333
281,2018,18.8,30.66666667,3,2,0,63.66666667
282,2018,13.46666667,58.6,0.4,2.666666667,0,38.33333333
283,2018,20.8,14.93333333,19.26666667,0,0,65.8
284,2018,17.06666667,36.73333333,0,19.33333333,0,43.93333333
285,2018,13.26666667,9.666666667,0,2.333333333,0,88
286,2018,15,1.333333333,0,2,5.666666667,91
287,2018,42.66666667,25,0,12.66666667,0,63
288,2018,67.46666667,1.333333333,1.666666667,8.666666667,4,84.33333333
289,2018,14.13333333,51.66666667,0,2.866666667,0,45.46666667
290,2018,32.06666667,40,4.666666667,2,0,52.66666667
291,2018,24,12,1,9.666666667,0,77.33333333
292,2018,6.533333333,0.333333333,0,6,0,93.66666667
293,2018,0.733333333,0.333333333,0,1.333333333,0,98.33333333
295,2018,12.1,23.1,0,1.4,11.6,63.9
296,2018,37.2,75.33333333,0,3.466666667,0,20.53333333
297,2018,47.26666667,32.33333333,13,10.26666667,0,44.4
298,2018,32.73333333,52.66666667,0,1.2,0,46.13333333
299,2018,15.73333333,6,1.666666667,4,0,88.33333333
300,2018,19.06666667,46.13333333,0,7.466666667,0,46.4
301,2018,40.93333333,23.66666667,0,5.333333333,0,71.66666667
302,2018,2.266666667,1,0,1,0,98
303,2018,44.66666667,73.33333333,0,2.666666667,0,24
304,2018,2.266666667,0.666666667,0,2.333333333,0.333333333,96.66666667
305,2018,30.6,67.93333333,0,1.933333333,0,30.13333333
306,2018,18.46666667,48.93333333,0,1.466666667,0,49.73333333
307,2018,24.73333333,31.4,0,0.2,0,68.4
308,2018,15.53333333,1.2,0,0.8,33.53333333,64.46666667
309,2018,8.6,15.53333333,0.733333333,9.533333333,0,74.2
310,2018,70.93333333,62.6,0,0,9.4,28
311,2018,13.2,8.333333333,0,3.2,5.6,82.86666667
312,2018,74.66666667,3.866666667,0,18.66666667,8.333333333,69.13333333
313,2018,26.66666667,22.33333333,0,2,17.33333333,58.33333333
314,2018,27.86666667,43.66666667,0,1.8,14.8,39.73333333
315,2018,27,41,0,16.8,0,42.2
316,2018,26,25.66666667,3.666666667,8.666666667,0,62
317,2018,21.46666667,37.66666667,0,2.6,0,59.73333333
318,2018,21.33333333,14,0,0,0,86
319,2018,18.8,20.46666667,0,48.13333333,0,31.46666667
320,2018,22.33333333,27.33333333,2.333333333,1.466666667,0,68.66666667
321,2018,40.4,59,0,3.333333333,0,37.66666667
322,2018,75.46666667,15.53333333,0,46.13333333,0,38.33333333
323,2018,11.2,17.33333333,0.333333333,7.533333333,0,77.8
324,2018,13.53333333,58,0,0.666666667,0,41.33333333
325,2018,11.06666667,0,0,0,7.466666667,92.53333333
326,2018,23.86666667,0,0.666666667,26.66666667,0,72.66666667
327,2018,34.26666667,14.46666667,28.33333333,3.8,0,53.4
328,2018,29.2,15.66666667,1.666666667,4.333333333,0,78.33333333
329,2018,56.26666667,0.666666667,0,10.13333333,14.13333333,75.06666667
330,2018,53.4,0,0,7.066666667,31.73333333,61.2
331,2018,32,42.53333333,4.733333333,8.866666667,0,43.86666667
332,2018,29.86666667,28,0.333333333,0.666666667,0,71
333,2018,13.2,33.66666667,0,2.466666667,0.8,63.06666667
334,2018,50.13333333,55,0,13,0,31.33333333
335,2018,49.8,50.66666667,6.666666667,2.533333333,0,40.13333333
336,2018,41.73333333,0,0,0,21,79
337,2018,37.2,49.53333333,6,13.46666667,0,31
338,2018,25.93333333,19,0,1.666666667,0,79.33333333
340,2018,16.93333333,34.73333333,0,16.13333333,0,49.13333333
341,2018,33.06666667,38,0,14.4,0,46.26666667
342,2018,30.86666667,20.73333333,0,9,0,70.13333333
343,2018,14.8,39.2,0,3.733333333,0,57.06666667
344,2018,65.26666667,2,0,60.33333333,0,37.66666667
345,2018,44.53333333,0.333333333,0,62,0.933333333,29.4
346,2018,26.06666667,59.13333333,0,3.466666667,0,36.86666667
347,2018,16.73333333,37,0,5.666666667,0,57.33333333
348,2018,34.06666667,66.33333333,0,4,0,29.66666667
349,2018,11.33333333,12.33333333,0,5,0,82.66666667
350,2018,37.73333333,59,0,5.333333333,0,35.66666667
351,2018,41.33333333,35.4,0,13,0,51.6
352,2018,18.4,18.26666667,0,0,11.4,70.33333333
353,2018,2.6,0,0,0,1.666666667,98.33333333
354,2018,18.7,47.9,0,5.1,0,46.9
355,2018,40.6,68.33333333,0,0.2,0,31.46666667
356,2018,22.06666667,49.6,0,5.4,0,45
357,2018,5.133333333,15,0,0,0,85
358,2018,124.3333333,12.2,0,0,39.26666667,48.53333333
359,2018,42.86666667,72.33333333,0,2.266666667,0,25.4
360,2018,37.2,16,0,16.66666667,0,67.33333333
361,2018,27.13333333,26.66666667,0,4.666666667,0,68.66666667
362,2018,15.26666667,18.33333333,0,0,0,81.66666667
363,2018,21.46666667,27,0,2,0,71
364,2018,31.93333333,16.66666667,6.333333333,4.666666667,0,72.33333333
365,2018,33.2,9.333333333,12,1,0,77.66666667
366,2018,6.666666667,0,5.666666667,0,0,94.33333333
367,2018,3.466666667,8.666666667,0,1.333333333,0,89.66666667
368,2018,37.66666667,5.333333333,7,1,1,85.66666667
369,2018,7.466666667,21,0,1.333333333,0,77.66666667
370,2018,29.33333333,28.33333333,0,1.333333333,0,70.33333333
371,2018,22.2,28,0,1.666666667,0,70.33333333
372,2018,16.8,18.66666667,7.666666667,4,0,69.66666667
373,2018,4.2,15.66666667,0,2,0,82.33333333
374,2018,12.93333333,22.33333333,0.666666667,2,0,75
375,2018,18.4,27.33333333,0,0.666666667,0,72
376,2018,17.46666667,24.33333333,0,1.666666667,0,74
377,2018,22.53333333,10.66666667,3.666666667,9,0,76.66666667
378,2018,37.06666667,27.66666667,0.666666667,1.666666667,0,70
379,2018,12.66666667,22.33333333,0,0.333333333,0,77.33333333
380,2018,26.46666667,33,0,3.333333333,0,63.66666667
381,2018,10.46666667,28.66666667,0,2.333333333,0,69
382,2018,22.26666667,31,0,2,0,67
0,2019,35,13.33333333,0,14,40,30
1,2019,NA,NA,NA,NA,NA,NA
2,2019,NA,NA,NA,NA,NA,NA
3,2019,NA,NA,NA,NA,NA,NA
4,2019,NA,NA,NA,NA,NA,NA
5,2019,41.4,44.66666667,12.66666667,2.333333333,0,40.33333333
6,2019,12.66666667,10,0,16,0,73.33333333
7,2019,82,56,26.66666667,9.333333333,0,8
8,2019,60,0.666666667,0,12.66666667,50,36.66666667
9,2019,71,41.33333333,26.66666667,4,0,28
10,2019,82.66666667,60,30,6.666666667,0,3.333333333
11,2019,24.8,20,0,6,0,74
13,2019,37.33333333,20,0,28,0,52
14,2019,68.33333333,36.66666667,24,9.333333333,0,30
15,2019,7.333333333,18.66666667,0,12,4.666666667,63.33333333
16,2019,54,19.66666667,0,0.666666667,33.33333333,53
17,2019,82,9.333333333,46.66666667,31.33333333,0,12.66666667
18,2019,33,16.66666667,0,34,0,48.66666667
20,2019,16.66666667,19.66666667,1.333333333,17,0,62
21,2019,69,58,14,24.66666667,0,6.666666667
22,2019,19.33333333,48,0,25.66666667,0,26.33333333
23,2019,11.86666667,39.33333333,5.333333333,19.33333333,0,32
24,2019,86,49,3.333333333,3.666666667,36.66666667,8
25,2019,81.33333333,17.33333333,0,4.666666667,66.66666667,11.33333333
26,2019,50.33333333,70.66666667,0,5.333333333,0,24.33333333
27,2019,20.33333333,4.666666667,0,26,0,62
28,2019,NA,NA,NA,NA,NA,NA
29,2019,91.66666667,4.333333333,16.66666667,4.666666667,32.66666667,41.66666667
30,2019,5.333333333,8,3.333333333,8,2.666666667,78
31,2019,32,39.33333333,0.666666667,19.33333333,0,40
32,2019,42,16,26.66666667,0,0,57.33333333
33,2019,84.33333333,70.66666667,23.33333333,1.333333333,0,4.666666667
34,2019,41.66666667,10.66666667,16,8.666666667,0,64.66666667
36,2019,60,73,0,12.33333333,0,14.66666667
37,2019,NA,NA,NA,NA,NA,NA
38,2019,113,23,10.66666667,7.666666667,47.33333333,5.333333333
39,2019,38,4.666666667,19.33333333,3.666666667,20,51.66666667
40,2019,68.33333333,59,20,10,0,11
41,2019,64,34,0,3.666666667,25.33333333,37
42,2019,37.8,39.66666667,0,13.33333333,0,45
43,2019,61.33333333,73,1,15,0,10.06666667
44,2019,17.33333333,27.66666667,0,34.33333333,0,44.66666667
45,2019,45.66666667,32.66666667,26.66666667,19.33333333,0,22.66666667
46,2019,70.66666667,36,36.66666667,8,0,19.33333333
47,2019,25,33.33333333,0,15.33333333,33.33333333,18
48,2019,34,22,20,15.33333333,0,43.33333333
49,2019,0,0,0,0,0,0
50,2019,47.33333333,48.33333333,6.333333333,11,0,34.33333333
51,2019,16.33333333,54.66666667,0,4.333333333,0,41
52,2019,15,28.33333333,0,2.666666667,0,68.66666667
53,2019,3,4,0,0,0,96
54,2019,18,23.33333333,0,38.66666667,0,40.66666667
55,2019,49.33333333,36,22,2.666666667,0,38.66666667
56,2019,16,10.33333333,13.33333333,3.666666667,0,72.66666667
57,2019,25.33333333,5.333333333,0,0.666666667,26.66666667,67.33333333
58,2019,5.666666667,23,0,14.66666667,0,62.33333333
59,2019,21.66666667,68.66666667,0,3,1,27.33333333
60,2019,38.66666667,50.66666667,9.333333333,3.666666667,0,36.33333333
61,2019,54,54.66666667,30.66666667,5.666666667,0,9
62,2019,33.66666667,59.86666667,6.666666667,3.333333333,0,25.33333333
63,2019,37.66666667,20.66666667,17.33333333,0,18,44
64,2019,19.66666667,0.333333333,0.666666667,9,0.666666667,89.33333333
65,2019,28,50.66666667,0,0.666666667,0,49.33333333
66,2019,33.66666667,38,0,10,27.66666667,24.33333333
67,2019,28,70.66666667,0.666666667,5,0,17
68,2019,10.66666667,16,0,7.333333333,0,76.66666667
69,2019,36.33333333,29.33333333,0,6.333333333,30.66666667,33.66666667
70,2019,19,59.33333333,0,0,0,40.66666667
71,2019,55.33333333,85.33333333,0,8.333333333,0,4.333333333
72,2019,25,43.66666667,0,8,0,48.33333333
73,2019,11.66666667,34.33333333,0,11.33333333,0,54.33333333
74,2019,7,0,0,11.33333333,2,86.66666667
75,2019,48,12.33333333,0,27,41.33333333,19.33333333
76,2019,48.66666667,58.66666667,13.33333333,12.33333333,0,15.66666667
78,2019,39.66666667,20,0,28.33333333,0,51.66666667
79,2019,4,0,0,6.666666667,0,93.33333333
80,2019,23,33,12.66666667,6.666666667,0,47.66666667
81,2019,52,49,5.333333333,11.33333333,0,34.33333333
82,2019,59.66666667,87.33333333,6.666666667,0,0,6
84,2019,5.666666667,42,0,2,0,49.33333333
87,2019,27.33333333,43.33333333,0,0,28,28
88,2019,5.233333333,8,0,13.33333333,1.333333333,78.26666667
89,2019,37.33333333,77.33333333,6.666666667,0,0,12.66666667
90,2019,5.333333333,17.33333333,6,10.66666667,0,64
91,2019,64,14.66666667,30,4,25.66666667,25.66666667
92,2019,43,80,2,10.66666667,0,7.333333333
93,2019,71.66666667,44.33333333,26,2.666666667,0,27
94,2019,24.66666667,36,0,21.33333333,0,22
95,2019,25.33333333,0.333333333,15.33333333,28,0,56.33333333
96,2019,18.66666667,65.33333333,3,12,0,20.33333333
97,2019,41.33333333,54.66666667,0,0,19.33333333,23.33333333
98,2019,21.66666667,45,0,2.666666667,0,52.33333333
99,2019,12.66666667,36,0,1.666666667,0,62.33333333
101,2019,22.66666667,33.33333333,12,4.333333333,0,51
102,2019,NA,NA,NA,NA,NA,NA
103,2019,36.33333333,30.66666667,0,6,20.66666667,44
104,2019,45.66666667,32.66666667,0,3.333333333,33.33333333,30.66666667
105,2019,33.33333333,55,9.333333333,4.666666667,0,31
106,2019,32,47.66666667,2,11.33333333,33.33333333,5.666666667
107,2019,64.66666667,27.33333333,15.33333333,16,2.666666667,38.66666667
108,2019,14.66666667,9.666666667,0,10,16,64.33333333
109,2019,29.66666667,17.33333333,6.666666667,38.66666667,0,37.33333333
110,2019,14,40.66666667,6.666666667,3.666666667,0,42.33333333
112,2019,44.66666667,38.66666667,24,0,0,36
113,2019,19.66666667,33.33333333,0,0,0,66.66666667
114,2019,25.33333333,31.66666667,0,19,0,49.33333333
115,2019,11.33333333,17,0,7.333333333,0,75.33333333
116,2019,40.6,35.33333333,0,0.666666667,40,24
117,2019,79,0,33.33333333,0.666666667,38.66666667,27.33333333
118,2019,26.46666667,30.33333333,0,14,0,56.33333333
119,2019,11.53333333,28.66666667,0,0.333333333,0,71
120,2019,21.26666667,15.33333333,0,3.333333333,0,81.33333333
121,2019,21.13333333,18.33333333,0,3.333333333,0,78.33333333
122,2019,16.06666667,11.33333333,0,7,0,81.66666667
123,2019,4.733333333,1.333333333,0,4.333333333,0,94.33333333
124,2019,35.26666667,15.33333333,0,5.333333333,0,79.33333333
125,2019,0,0,0,0,0,100
126,2019,29.86666667,16.66666667,0,4.333333333,0,79
127,2019,35.86666667,5.333333333,0,34.66666667,0,60
128,2019,34.86666667,1.666666667,0,3,15.66666667,79.66666667
129,2019,17.53333333,15.33333333,0,5.333333333,0,79
130,2019,29.4,21,0,1.666666667,0,77.33333333
131,2019,38.13333333,5.333333333,0,3,15.33333333,79.66666667
132,2019,29.93333333,15.66666667,0,1.333333333,0,83
133,2019,28,6,0,21.66666667,0,72.33333333
134,2019,25.2,12.33333333,0,11.66666667,0,76.33333333
135,2019,34.6,22,0,2.666666667,20,55.33333333
136,2019,28.46666667,33,2.333333333,3,0,61.66666667
137,2019,5.933333333,2.666666667,0,1.666666667,0,95.66666667
138,2019,24,12.33333333,0.333333333,17.33333333,0,70.33333333
139,2019,24.66666667,18.33333333,0,1.333333333,0,80.33333333
140,2019,33.4,21.66666667,0,2,0,76.33333333
141,2019,10.93333333,35.66666667,0,3.333333333,0,61
142,2019,11.33333333,18.33333333,0,14,0,67.66666667
143,2019,19.53333333,37.66666667,0.333333333,2.333333333,0,59.66666667
144,2019,15.8,26,0,2,0,72
145,2019,42.2,19.66666667,0,7.666666667,0,72
146,2019,56.4,8,0,5.333333333,41.66666667,45
147,2019,12.33333333,20.66666667,0,2.333333333,0,77
148,2019,23.73333333,28.33333333,0,7,0,65
149,2019,25.06666667,33.66666667,0,2.666666667,0,63.66666667
150,2019,0,0,0,0,0,100
151,2019,41.8,0,0,0,37.33333333,62.66666667
152,2019,33.2,43.66666667,0,3.333333333,0,53
153,2019,9.266666667,0,0,22.66666667,0,77.33333333
154,2019,7.2,1.333333333,0,8,2,88.66666667
155,2019,11.33333333,1,0,12,0,87
156,2019,1.933333333,0.666666667,0,3.333333333,0,96
157,2019,31,51.66666667,1.666666667,3.333333333,0,43.33333333
158,2019,17.73333333,1.333333333,4.333333333,4.333333333,0,90
159,2019,22.66666667,6.666666667,0,19.66666667,0,73.66666667
160,2019,15.86666667,12.66666667,0,0,0,87.33333333
161,2019,17.8,17.33333333,0,3.666666667,0,79
162,2019,30.13333333,6.333333333,0,0,9.666666667,84
163,2019,33.73333333,22.33333333,0.333333333,6.333333333,5.666666667,65.33333333
164,2019,36.93333333,37.33333333,0,1.333333333,0,61.33333333
165,2019,36.6,12,6,19.33333333,0,62.66666667
166,2019,32.13333333,17.66666667,0,4,0,78.33333333
167,2019,52.13333333,9.333333333,0,11,0,79.66666667
168,2019,28.73333333,31,0,5.666666667,0,63.33333333
169,2019,31.73333333,21.46666667,0,8,0,69.33333333
170,2019,53.46666667,34.66666667,1,5,0,59.33333333
171,2019,65.2,47.33333333,0,4.666666667,0,48
172,2019,50,11,0,10,0,79
173,2019,47.33333333,31.66666667,0.333333333,2,0,66
174,2019,76.4,28.33333333,0,7.666666667,0,64
175,2019,11.6,0,0,10,4.666666667,86
176,2019,43.33333333,34.33333333,0,0,0,65.66666667
177,2019,NA,NA,NA,NA,NA,NA
178,2019,43.6,0,0,1,16,83
179,2019,37.4,15.33333333,0,9.333333333,5,70.33333333
180,2019,75.26666667,45.33333333,0,7.333333333,0,47.66666667
181,2019,68.86666667,27,6,15.33333333,0,51.66666667
182,2019,71.2,16,0,4,4.333333333,75.66666667
183,2019,NA,NA,NA,NA,NA,NA
185,2019,10.2,0,0.666666667,0.333333333,6.066666667,93
186,2019,62,26.66666667,1,4,5.333333333,63
187,2019,80.46666667,5,0,6.666666667,6.666666667,81.66666667
188,2019,13.46666667,9,0,5,0,86
190,2019,37.6,28,0,1,0,71
191,2019,17.53333333,1.666666667,0,4,5.333333333,89
192,2019,48.53333333,20.33333333,3.333333333,12,0,64.33333333
193,2019,58.6,25.33333333,1.666666667,7.333333333,0,66
194,2019,31.06666667,26.13333333,0,10,0,62.66666667
195,2019,36.53333333,22.66666667,0.666666667,13.33333333,0,63.33333333
196,2019,60.26666667,31,0,3.333333333,0,65.66666667
197,2019,17.26666667,14.33333333,0,0.333333333,9,76.33333333
198,2019,25.66666667,16.33333333,0.666666667,5.333333333,0,75.66666667
199,2019,53.66666667,23.33333333,0,5.666666667,0,71
200,2019,39.93333333,17.66666667,0,12.66666667,0,70
201,2019,68.46666667,32,6,5.666666667,0,56
202,2019,45.6,37.33333333,1,4.666666667,0,57
203,2019,69.73333333,1.333333333,0,0.333333333,14,84.33333333
204,2019,56.53333333,31.33333333,2,10.33333333,0,56.33333333
205,2019,67.46666667,18.66666667,0,4,4,73.33333333
206,2019,75.86666667,15.33333333,24.66666667,4.333333333,0,55.66666667
207,2019,35.33333333,25.33333333,0,2.666666667,3.333333333,68
208,2019,53.06666667,0,0,0,17.66666667,82.33333333
211,2019,18.46666667,20.33333333,0,2.666666667,0,77
212,2019,83.86666667,0,0,0,14.66666667,85.33333333
213,2019,18.53333333,23.33333333,0,4.333333333,0,72.33333333
214,2019,49.73333333,40.66666667,0,2.666666667,0,59.33333333
215,2019,62.6,8,0,0,4.333333333,87.66666667
216,2019,21.13333333,13,0,12,0,74.33333333
217,2019,63.06666667,40,0,4.333333333,0,55.66666667
218,2019,26.86666667,13.33333333,0,13.66666667,0,73
219,2019,69.73333333,0,0,1.333333333,6,92.66666667
220,2019,91.6,15.66666667,0,0.333333333,6.666666667,77.33333333
221,2019,31.53333333,1,0,3.666666667,7.333333333,88
222,2019,NA,NA,NA,NA,NA,NA
223,2019,37.8,14.33333333,0,2,16,68
224,2019,60.6,39.66666667,0,1.666666667,0,58.66666667
225,2019,12.8,14.66666667,0,7,0,78.33333333
227,2019,26.6,27,0,10.66666667,0,62.33333333
228,2019,48.93333333,37,0,3,0,60
229,2019,59.93333333,1.666666667,0,10,6,82.33333333
230,2019,29.53333333,31.66666667,0,7.333333333,0,61
231,2019,58.2,12.33333333,0,6,3.333333333,78.33333333
232,2019,43.13333333,29.33333333,0,0.333333333,0,70.33333333
233,2019,39.66666667,29.66666667,0,17,0,53.33333333
234,2019,50.4,31,0,14,0,55
235,2019,37.73333333,36.33333333,0,6.333333333,0,57.33333333
236,2019,50,45,0,2.333333333,0,52.66666667
237,2019,51.86666667,20.66666667,0,17.33333333,0,62.33333333
238,2019,27.46666667,37.66666667,0,5,0,57.33333333
239,2019,15.93333333,21.66666667,0,2.333333333,0,75.66666667
240,2019,23.86666667,6.666666667,1,9.666666667,0,82.66666667
241,2019,42.33333333,31.33333333,0,1.666666667,0,67
242,2019,22.46666667,0,0,5.333333333,3.333333333,91.33333333
243,2019,33.26666667,39.66666667,0,6.333333333,0,54
245,2019,15.73333333,24.66666667,0,10,0,65.33333333
246,2019,48.33333333,38.66666667,0,2,0,59.33333333
247,2019,43.13333333,18.33333333,0,6,16.66666667,58.33333333
248,2019,38.33333333,39.66666667,0,3.333333333,0,57
249,2019,73.93333333,30,0.666666667,4.666666667,0,64.66666667
250,2019,30.53333333,18.33333333,1.666666667,4,0,76
251,2019,23.8,15.33333333,0,6.333333333,0,78.33333333
252,2019,42,36.66666667,6,1.333333333,0,56
253,2019,56.33333333,16.66666667,0,4.333333333,2,77
254,2019,53,14.66666667,0,6.333333333,0,79
255,2019,23.73333333,7.666666667,0,3,10,79.33333333
256,2019,42.46666667,7.333333333,0,0.666666667,11,81
257,2019,34.46666667,26,0,0.333333333,0,73.66666667
258,2019,48.26666667,22.66666667,0,2,0,75.33333333
259,2019,30.66666667,15.4,0.666666667,0.666666667,0,83.93333333
260,2019,28.86666667,22.93333333,0,5.733333333,0,71.33333333
261,2019,17.4,5.6,0,4.466666667,0,89.93333333
262,2019,35.2,11,0.333333333,6.133333333,0,83.2
263,2019,38.86666667,16.66666667,0,2.8,4,76.53333333
264,2019,31.46666667,24.33333333,0,3,0,72.66666667
265,2019,26.2,20.66666667,0,6.666666667,0,72.66666667
266,2019,39.4,19.33333333,0,4.333333333,0,76.33333333
268,2019,36.86666667,13,0,6.333333333,2.666666667,78
270,2019,19.06666667,9,0,6.8,0,84.2
271,2019,42.73333333,22.33333333,0,4.333333333,0,73.33333333
272,2019,77.2,0,0,3.666666667,22,74.33333333
273,2019,41,16.66666667,0,4.333333333,0,79
274,2019,59,54.66666667,20,9.666666667,15.66666667,15.66666667
275,2019,22.8,12,0,4,0,84
276,2019,24.66666667,12,0,6.333333333,0,81.66666667
277,2019,24.86666667,16.33333333,0,4.2,0,79.46666667
278,2019,26.93333333,15,0,3,0,82
279,2019,NA,NA,NA,NA,NA,NA
280,2019,48.8,5.666666667,0,3.066666667,14,77.26666667
281,2019,50.26666667,18.8,0,1.666666667,5.666666667,73.86666667
282,2019,47.6,20.66666667,0,6.333333333,0,73
283,2019,10.33333333,25,0,3.666666667,0,71.33333333
284,2019,26.8,36,0,5.333333333,0,58.66666667
286,2019,22.06666667,7.333333333,0.333333333,20.8,0.666666667,70.53333333
287,2019,14.8,2.666666667,0,27.26666667,0,70.06666667
288,2019,23.93333333,31,0,2.333333333,0,66.66666667
289,2019,16.26666667,16.66666667,0,3,0,80
290,2019,21.13333333,17.13333333,0,11,0,71.86666667
291,2019,27.93333333,33.8,0,9.2,0,57
292,2019,24.06666667,24.33333333,1,8.333333333,0,66.33333333
293,2019,19.06666667,15.73333333,0,6.333333333,0,77.93333333
295,2019,17.93333333,0,0,35.33333333,0,64.66666667
296,2019,21,11.33333333,4,8.666666667,0,76.66666667
297,2019,16.66666667,6,0,9.666666667,0,85
298,2019,22.6,8.733333333,5.666666667,14.8,0,71.46666667
299,2019,51.86666667,0.266666667,0,0,29.33333333,70.4
300,2019,40.33333333,12.46666667,0,5.333333333,0,82.2
301,2019,37.66666667,9.333333333,1,9.066666667,0,80.6
303,2019,66.26666667,1.333333333,0,9,16.33333333,73.33333333
304,2019,36.13333333,17.66666667,0.333333333,5.333333333,0,76.66666667
305,2019,42.66666667,26.33333333,0,1.333333333,0,72.33333333
306,2019,36.93333333,9.666666667,0,1.2,17.33333333,71.8
307,2019,41.6,12,0,9.333333333,0,78.66666667
308,2019,8,5.333333333,0,0,2.666666667,48
309,2019,27.86666667,15,0,5.333333333,0,79.66666667
310,2019,74.26666667,19,0,1.666666667,4.666666667,74.66666667
311,2019,25.66666667,15.66666667,0,2,11.33333333,71
312,2019,38.6,25,0,4.333333333,0,70.66666667
313,2019,37.53333333,10,2.333333333,12,0,75.66666667
314,2019,43.53333333,9,6.333333333,9,11,64.66666667
315,2019,15.53333333,8.333333333,0,3.333333333,3.8,84.86666667
316,2019,16.8,0.133333333,0,2.666666667,16,81.2
317,2019,33,5.666666667,2.666666667,10,0,81.66666667
318,2019,81.66666667,0,0,20.66666667,5.666666667,73.66666667
319,2019,17.2,0.666666667,0,7.666666667,3.333333333,88.33333333
320,2019,46.86666667,4.666666667,0.333333333,15.66666667,0,79.33333333
321,2019,41.66666667,13.33333333,0,5.333333333,7.333333333,60.66666667
322,2019,37.46666667,10.46666667,0,12,0,77.53333333
323,2019,27.8,4.333333333,0,16.33333333,0,79.33333333
324,2019,31.4,3,0.333333333,12.66666667,0,84
325,2019,28,0.333333333,0,9.666666667,17.66666667,72.33333333
326,2019,23.66666667,20.33333333,0,5.4,0,74.93333333
327,2019,30.26666667,22.33333333,0,4.666666667,0,73
328,2019,35.06666667,7,0,10.66666667,0,82.33333333
329,2019,NA,NA,NA,NA,NA,NA
330,2019,NA,NA,NA,NA,NA,NA
331,2019,24.6,26.33333333,2.333333333,3.4,0,67.93333333
332,2019,34.86666667,24.66666667,0,2.666666667,0,72.66666667
333,2019,33.66666667,20.66666667,0,4.666666667,0,74.66666667
334,2019,41.06666667,15.33333333,0,9,0,75.66666667
335,2019,36.33333333,31,0,3.666666667,0,65.33333333
336,2019,43.93333333,26,0,7.333333333,0,66.66666667
337,2019,17.2,18.33333333,4,4.933333333,0,72.73333333
338,2019,44.4,3.066666667,0,3.066666667,15.46666667,78.4
340,2019,27.66666667,10,0,9.666666667,1.333333333,75.4
341,2019,29.06666667,16,0,10.33333333,0,73.66666667
342,2019,34.93333333,2,0,25.33333333,0,72.66666667
343,2019,40.8,23.66666667,0,12.66666667,0,63.66666667
345,2019,27.06666667,30.66666667,0,5.8,0,61.53333333
346,2019,27.86666667,25,0,4,0,71
347,2019,38.4,14.33333333,0,17.33333333,0,68.33333333
348,2019,50.33333333,1.333333333,0,6.333333333,7.666666667,84.66666667
349,2019,16.6,10.33333333,0,5.333333333,9.333333333,75
350,2019,29.8,17.33333333,0,11.66666667,0,71
351,2019,37.73333333,18.66666667,0,12.66666667,0,68.66666667
352,2019,52.33333333,14,0,9.666666667,4,72.33333333
353,2019,42.8,5.333333333,0,11.33333333,9,67.66666667
354,2019,27.73333333,0.333333333,0,15,17.33333333,67.33333333
355,2019,37.46666667,1.666666667,0,14.66666667,17.33333333,66.33333333
356,2019,18.8,6,1.333333333,12,0,80.66666667
357,2019,14.66666667,17.13333333,0,6.133333333,1.333333333,70.6
358,2019,12.8,8.333333333,0,20.4,0,71.26666667
359,2019,22,16.13333333,0,8.666666667,0,75.2
360,2019,37.86666667,11.66666667,0,7.666666667,10.33333333,69.66666667
361,2019,19.8,23.66666667,0,4.333333333,0,72
362,2019,11.6,10,0.066666667,2,0,88
363,2019,7.866666667,0,0,0.066666667,20.66666667,79.26666667
364,2019,52.13333333,0.333333333,0,10.4,25.33333333,63.26666667
365,2019,11,3.466666667,0,14.4,0,82.13333333
366,2019,45,2,0,0,24,74
367,2019,39.53333333,20,8.333333333,6.4,0,64.73333333
368,2019,14.46666667,18,0,5.133333333,0,76.86666667
369,2019,22.66666667,23.33333333,0,7,0,69.66666667
370,2019,21.86666667,20.66666667,0,14.66666667,0,64.66666667
371,2019,17.66666667,2.333333333,2.666666667,9.8,3.666666667,81.86666667
372,2019,27.4,24,0,8.333333333,0,67.66666667
373,2019,17.2,21.46666667,0,3.4,0,75.13333333
374,2019,16.33333333,28.66666667,0,3.8,0,68.53333333
375,2019,9.633333333,4.666666667,0,8.4,0.666666667,86.93333333
376,2019,48.26666667,1.666666667,0,7,31,60.33333333
377,2019,32.86666667,4,0,39,0,56.33333333
378,2019,21.6,27.8,5.333333333,5.266666667,0,61.6
379,2019,18.93333333,18,0,11.33333333,0,70.66666667
380,2019,12.93333333,14,4.666666667,10.6,0,70.73333333
381,2019,13,21.66666667,0.666666667,10,0,67.66666667
382,2019,13.06666667,6.333333333,4,12.33333333,0,77.33333333
0,2020,23.6,67,0,8.333333333,0,24.66666667
1,2020,19.33333333,8.666666667,0,40.33333333,0,51
2,2020,29.6,32.33333333,10.33333333,29.33333333,0,28
3,2020,26,11.33333333,0,0,29.33333333,59.33333333
4,2020,35.4,77.33333333,0.666666667,3.666666667,0,18.33333333
5,2020,27.66666667,48.66666667,0,0,0,51.33333333
6,2020,93.26666667,25,0,40,20,15
7,2020,30.33333333,92.66666667,4.666666667,2.666666667,0,0
8,2020,21.13333333,33.33333333,0,5.666666667,0,61
9,2020,,,,,,
10,2020,23.13333333,28.33333333,0,2.666666667,0,69.66666667
11,2020,15.6,25.66666667,0,7.333333333,11.66666667,55.33333333
12,2020,10.4,9.466666667,0,0.333333333,0,90.2
13,2020,10.06666667,63.66666667,0,0.666666667,0,35.66666667
14,2020,33.33333333,50.66666667,1.666666667,6,0,41.66666667
15,2020,32,19.66666667,0,0,11.66666667,68.66666667
16,2020,35.86666667,0,0,0,7.666666667,92.33333333
17,2020,69.93333333,71.33333333,0,5,0,23.66666667
18,2020,60.2,5.333333333,1.333333333,67.66666667,0,25.66666667
19,2020,,,,,,
20,2020,25.66666667,14.33333333,20.33333333,0.666666667,0,64.66666667
21,2020,17.13333333,37.66666667,0,2.666666667,0,59.66666667
22,2020,46.53333333,43,0,32.66666667,0,24.33333333
23,2020,23.86666667,66.33333333,0,13.66666667,0,18.33333333
24,2020,17.6,56.66666667,0,17.66666667,0,29.66666667
25,2020,21.4,6.666666667,0,14,7.666666667,71.66666667
26,2020,12.66666667,23,0,0.666666667,0,76.33333333
27,2020,47,11.66666667,34.66666667,42,0,11.66666667
28,2020,37.2,44.33333333,0,0,0,55.66666667
29,2020,45.13333333,13,0,57,0,30
30,2020,42.33333333,71.33333333,1.333333333,0,0,27.33333333
31,2020,22.46666667,13,0,47.33333333,0,39.66666667
32,2020,70.06666667,37.66666667,0,6.333333333,0,58.66666667
33,2020,25.26666667,65.66666667,6.666666667,1.333333333,0,26.33333333
35,2020,8.066666667,45.66666667,0,5.933333333,0.333333333,48.06666667
36,2020,28.93333333,22.33333333,4.666666667,40,0,33
37,2020,10,16,0,0.666666667,0,83.33333333
38,2020,29.13333333,57.66666667,0,28.66666667,0,13.66666667
39,2020,56.13333333,22,0,68,0,10
40,2020,42.66666667,0,7.333333333,0,16,76.66666667
41,2020,44,85.33333333,1.333333333,10,0,3.333333333
42,2020,15.13333333,48.33333333,6.666666667,3,0,42
43,2020,66,62,33.33333333,4,0,0
44,2020,78,39,20.66666667,17.66666667,0,22.66666667
45,2020,54.06666667,69.33333333,0,12.33333333,0,18.33333333
46,2020,10.73333333,20,0,0.333333333,0,79.66666667
47,2020,14.53333333,11.66666667,24.66666667,5.333333333,0,58
48,2020,14.73333333,64.4,0,0.666666667,0,34.6
49,2020,57.06666667,0,0,0,40,60
50,2020,9.133333333,63.66666667,0.333333333,1,0,35
51,2020,34.13333333,28.33333333,0,4.333333333,0,67.33333333
52,2020,27.66666667,28.33333333,0,8.333333333,3.333333333,60
53,2020,14,0,0,10.66666667,0,89.33333333
54,2020,55.06666667,70,2.666666667,18,0,9.333333333
55,2020,15.53333333,81.6,0,14.33333333,0,4.066666667
56,2020,31.66666667,78.4,0,13.13333333,0,8.466666667
57,2020,23.73333333,33.66666667,0,20.66666667,0,45.66666667
58,2020,20.66666667,5.333333333,29.33333333,0,0,64.66666667
59,2020,,,,,,
60,2020,26.6,19.33333333,0,4.666666667,0,76
61,2020,79.33333333,95.33333333,4.666666667,0,0,0
62,2020,42.46666667,88.86666667,0,6.133333333,3,2
63,2020,7.133333333,22.66666667,0,3.333333333,0,74
64,2020,47.66666667,64.6,0,0.333333333,0,35.06666667
66,2020,18.86666667,33,0,40.66666667,0,24.33333333
67,2020,27.8,39,4.666666667,14,0,42.33333333
68,2020,25.33333333,44.66666667,0,0,8.666666667,46.66666667
69,2020,53,78.33333333,0.666666667,17.33333333,0,3.666666667
70,2020,28.06666667,11.66666667,0,0.666666667,4,83.66666667
71,2020,4.066666667,0,0,0.2,1.6,95.53333333
73,2020,23.26666667,58.66666667,0,9.333333333,0,29
74,2020,50,70,30,0,0,0
75,2020,25.2,25.6,0,15.13333333,0,59.26666667
76,2020,21.73333333,14,0.333333333,5.666666667,0,80
77,2020,81.93333333,84,6.666666667,5.333333333,0,4
78,2020,56.6,38.66666667,0,6.666666667,0,54.66666667
79,2020,12.66666667,21.66666667,0,0,0,78.33333333
80,2020,67.93333333,20.66666667,0,23.66666667,0,55.66666667
81,2020,48.73333333,23.33333333,0,10,3.333333333,63.33333333
82,2020,49.53333333,44.33333333,0,29.33333333,0,26.33333333
83,2020,41.33333333,28,0,6.333333333,0,65.66666667
84,2020,54,21,18.33333333,22.33333333,13.33333333,25
85,2020,22.4,62.66666667,0,8.666666667,0,32.66666667
87,2020,21.53333333,47.46666667,0,1,0,51.66666667
88,2020,38,5.333333333,48.66666667,0,0,46
90,2020,48.93333333,88.6,0,0,0,11.33333333
91,2020,39.66666667,68.66666667,0.666666667,0.666666667,0,30
92,2020,60.86666667,66.66666667,0,11.33333333,0,22
93,2020,29.33333333,22,24,0,0,54
95,2020,18.33333333,75.66666667,0,0.666666667,0,23.66666667
96,2020,24.66666667,35.33333333,20,0,0,44.66666667
97,2020,21.2,67.53333333,0,2.466666667,0,30
99,2020,59.8,64.33333333,0,4,0,31.66666667
100,2020,22.06666667,43.33333333,1.333333333,2.333333333,0,53
101,2020,64.2,53,0,0,0,47
102,2020,18.2,9.466666667,0,1.666666667,4,84.86666667
103,2020,24.93333333,12.33333333,0,3.666666667,0,84
104,2020,65.13333333,44.33333333,0.333333333,1,0,54.33333333
105,2020,9.333333333,13,0,5,0,82
106,2020,19.33333333,57,0,0.333333333,0,42.66666667
107,2020,72.06666667,18.66666667,0.666666667,24,0,56.66666667
108,2020,32.33333333,15.33333333,13.66666667,4.666666667,0,62.66666667
109,2020,,,,,,
110,2020,35.53333333,17.33333333,0,44.66666667,0,38
111,2020,13.33333333,68,0,3.333333333,0,28.66666667
112,2020,26.33333333,48.33333333,3.333333333,0,0,48.33333333
113,2020,34,19,0,1.333333333,0,79.66666667
114,2020,52.66666667,42.33333333,0,4.666666667,0,53
115,2020,87.8,43.33333333,0,39.33333333,0,17.33333333
116,2020,41.66666667,37.33333333,28.33333333,0,0,34
117,2020,24.6,56.33333333,0,6.333333333,0,37.33333333
118,2020,0,0,0,0,0,100
119,2020,,,,,,
120,2020,14.46666667,0,0,11,0,89
121,2020,39.26666667,0,0,17,0,82.33333333
122,2020,,,,,,
123,2020,63,13.33333333,0,3,27.33333333,56.33333333
125,2020,58.33333333,72.66666667,24,3.333333333,0,0
126,2020,39.66666667,81.33333333,11.33333333,7.333333333,0,0
127,2020,30.66666667,22,4,10.66666667,0,64
128,2020,25.66666667,19.33333333,27.66666667,2.666666667,26,24.33333333
129,2020,26.46666667,7.666666667,0,16.66666667,0,75.66666667
130,2020,7.2,2,0,13.66666667,0,84.33333333
131,2020,32.4,5.333333333,0,0,12.66666667,82
132,2020,54.2,0,0,1.333333333,8.333333333,90.33333333
133,2020,15.8,44.66666667,0,5.333333333,0,48
134,2020,16.4,14.33333333,0,21.33333333,0,63.66666667
135,2020,,,,,,
136,2020,22,0,6.666666667,3.333333333,25.33333333,64.66666667
137,2020,36.26666667,77.86666667,2.333333333,4.8,0,15.66666667
138,2020,24.2,70.66666667,0,0,0,29.33333333
139,2020,42.06666667,68.33333333,0,2.333333333,0,29
140,2020,29.8,52,0,12.33333333,0,35.66666667
141,2020,45.26666667,40,2,2.333333333,0,56.33333333
142,2020,30.6,58.66666667,6,0.666666667,0,34.66666667
143,2020,64.33333333,77,16.33333333,0,0,6.666666667
144,2020,13.46666667,0,0,0,4.933333333,95.06666667
145,2020,48.86666667,80.26666667,0,2.666666667,0,17
147,2020,76,69.33333333,0,0,0,30.66666667
148,2020,71.13333333,0,0,0.666666667,7,92
149,2020,66.66666667,1,0,0,47.33333333,51.66666667
150,2020,25.66666667,19.33333333,0,1.4,6.666666667,72.6
151,2020,70.8,12.66666667,0,2.333333333,6,79
152,2020,30.8,45.33333333,0,0,0,54.66666667
153,2020,32.6,36.66666667,0,1.333333333,0,62
154,2020,75.46666667,16.66666667,0,0,9.333333333,74
155,2020,74.33333333,74.66666667,0,25.33333333,0,0
156,2020,29.4,33.33333333,0,0,0,66.66666667
157,2020,35.33333333,43.33333333,0,0,21.33333333,36
158,2020,17.33333333,13,0,1.666666667,0,85.33333333
159,2020,21.66666667,67.4,0,0,0,32.6
160,2020,51.2,36.66666667,0,4.666666667,0,58.66666667
161,2020,24.4,34.73333333,0,0.666666667,0,65.26666667
162,2020,64.13333333,63,12.66666667,0,0,24.33333333
163,2020,,,,,,
164,2020,60.06666667,0,0,29.33333333,27.33333333,43.33333333
166,2020,35.33333333,44.33333333,0,0,0,55.66666667
167,2020,111.3333333,26.33333333,0,7,40,26.66666667
168,2020,13.66666667,0,0,0,4.666666667,95.33333333
169,2020,49.46666667,62,0,21.33333333,0,16.66666667
170,2020,57.66666667,90.66666667,6,0,0,3.333333333
171,2020,29.66666667,44,2,10.66666667,3.333333333,40
172,2020,9.866666667,0.666666667,0,0.666666667,3.666666667,95
173,2020,82.26666667,7,0,8,14,71
174,2020,,,,,,
175,2020,21.06666667,70.2,0,2.133333333,0,27.66666667
176,2020,11.06666667,17.33333333,0,1,0,81.66666667
177,2020,24.66666667,57,0,2.666666667,0,40.33333333
178,2020,28.46666667,16,0,13.66666667,0,70.33333333
180,2020,42.66666667,26.66666667,0,0.666666667,26.66666667,46
181,2020,31.2,71.73333333,0,4.133333333,0,24.13333333
182,2020,17.93333333,20,0,0,0,80
184,2020,88.8,79,6.666666667,4.666666667,0,9.666666667
185,2020,33.13333333,81.66666667,0,6,0,12.33333333
186,2020,12.26666667,27.66666667,0,2.666666667,0,69.66666667
187,2020,29,6.666666667,28,0,0,64
188,2020,,,,,,
189,2020,27.93333333,59,0,0.333333333,0,40.66666667
190,2020,53.33333333,48,0,16.66666667,0,35.33333333
191,2020,17.53333333,21,0,1.666666667,0,77.33333333
192,2020,39.53333333,45,0,0,0,55
194,2020,39.33333333,64,0,1.333333333,0,34.66666667
195,2020,23.53333333,1,0,4.666666667,1.666666667,92.66666667
196,2020,37.93333333,92,0,5.666666667,0,2.333333333
197,2020,16.73333333,85,0,2.666666667,0,12.33333333
198,2020,48.66666667,73.33333333,6.666666667,2,0,18
199,2020,26.13333333,33,13.33333333,1,0,52.66666667
200,2020,67,43,0,2,0,55
201,2020,69.46666667,29.66666667,0,9.333333333,14,47
202,2020,36.86666667,49.33333333,0,10.66666667,0,40
203,2020,33.6,42,0,35.33333333,0,24
204,2020,62.86666667,39.66666667,6.666666667,0,0,53.66666667
205,2020,13.06666667,0,0,0,15.33333333,84.66666667
206,2020,27.6,61.66666667,0,11.66666667,0,26.66666667
207,2020,18.86666667,59.33333333,0,5.666666667,0,35
208,2020,13.93333333,41.66666667,0,0,0,58.33333333
209,2020,49,82.66666667,0,2.333333333,0,15
210,2020,22.66666667,21.33333333,0,54.66666667,0,24
211,2020,114.7333333,5.333333333,0,10,54,30.66666667
212,2020,150,0,0,0,25,75
213,2020,53,32.33333333,0.333333333,2.333333333,0,65
214,2020,33.66666667,17.66666667,15.66666667,6.666666667,25,35
215,2020,,,,,,
216,2020,42.73333333,25.66666667,6,0,0,68.33333333
217,2020,41.6,46.66666667,0,0.666666667,3.666666667,49
218,2020,60,96,0,4,0,0
219,2020,12.33333333,13.66666667,0.666666667,0,0,85.66666667
220,2020,34.2,90,0,0.666666667,0,9.333333333
221,2020,6,11.66666667,0,2.666666667,0,85.66666667
222,2020,54,42,0,4,11.66666667,42.33333333
223,2020,85.26666667,28.33333333,21,15,0,35.66666667
224,2020,34.6,0,0,0.666666667,16.66666667,82.66666667
225,2020,39.53333333,0,0,11.66666667,11.33333333,77
226,2020,15.2,87.33333333,0,0,0,12.66666667
227,2020,25.8,63.53333333,0,11.66666667,0,24.8
228,2020,22.66666667,0,0,0,15.33333333,84.66666667
229,2020,82.26666667,24.66666667,0,3,6,66.33333333
230,2020,30.73333333,32,0,34.66666667,0,33.33333333
231,2020,34.2,42.33333333,10.66666667,14,0,32.33333333
232,2020,21.33333333,79.66666667,0,1,0,16
233,2020,32.13333333,77.33333333,0,0.333333333,0,22.33333333
234,2020,32.46666667,25.33333333,0,4,0,70.66666667
235,2020,44.06666667,40,0,25.66666667,0,39.66666667
236,2020,65,5.333333333,0,40.33333333,0,54.33333333
237,2020,45,66,0,4.333333333,0,30.33333333
237,2020,45,66,0,4.333333333,0,30.33333333
238,2020,20.33333333,34,0,9.333333333,0,58
239,2020,18.26666667,32,0,0.666666667,0,67.33333333
240,2020,34.46666667,91,0,0.333333333,0,8.666666667
241,2020,16,0,0,0.333333333,13.33333333,86.33333333
242,2020,27,25,0,7.666666667,1,66.33333333
243,2020,40.66666667,83.66666667,0,15.33333333,0,1
244,2020,,,,,,
245,2020,23.2,28.66666667,0,6.666666667,0,64.66666667
246,2020,13.93333333,12.66666667,0,16.33333333,0,70.33333333
247,2020,76,84.33333333,6.333333333,0,0,9.333333333
248,2020,40.33333333,36.66666667,6.666666667,1.333333333,0.333333333,55
249,2020,40.26666667,43,0,7.333333333,0,49.66666667
250,2020,,,,,,
251,2020,30.33333333,46.33333333,5,1,0,48.33333333
252,2020,60.6,34.66666667,6.666666667,8,0,50.66666667
253,2020,35.66666667,99.33333333,0,0,0,0.666666667
254,2020,25.2,30,0,4,0,66
255,2020,33.66666667,0,22,1.333333333,13.33333333,63.33333333
256,2020,15.86666667,15.33333333,1,0.333333333,0,83.33333333
257,2020,59.46666667,35.33333333,12,2.666666667,0,50
258,2020,36,91,0.666666667,0,0,8.333333333
258,2020,36,91,0.666666667,0,0,8.333333333
259,2020,46.66666667,40.33333333,0,16,20,23.66666667
260,2020,44.2,3.333333333,0,33,0,63.66666667
261,2020,24.33333333,11.33333333,0,8.666666667,0,73.33333333
262,2020,50.33333333,91.66666667,0,0,0,8.333333333
263,2020,15.66666667,50.2,0,2.4,0,47.4
264,2020,46.8,64.33333333,0,1.666666667,0,34
265,2020,30.06666667,0,0,5.533333333,20.33333333,74.13333333
266,2020,35.8,35,0,8.666666667,0,56.66666667
267,2020,3.333333333,28.66666667,0,0,0,71.33333333
268,2020,37,88,0,4.666666667,0,7.333333333
269,2020,,,,,,
271,2020,14.86666667,31,0,2,0,67
272,2020,17.13333333,0,0,0,8.466666667,91.53333333
273,2020,31.8,48.66666667,0,0,0,51.33333333
274,2020,50.73333333,34,0,40,0,26
275,2020,7.6,13.66666667,0,0.666666667,0.333333333,85.33333333
276,2020,23.26666667,1,0,8.666666667,10.66666667,79.66666667
277,2020,35.2,40.66666667,0,4.666666667,0,54.66666667
278,2020,34,41,15.33333333,17,26.66666667,0
279,2020,84.26666667,55.2,0,24.13333333,15.33333333,5.333333333
281,2020,,,,,,
282,2020,39.06666667,80.33333333,0,13,0,6.666666667
283,2020,4.933333333,13,0,2.333333333,0,84.66666667
284,2020,33.73333333,55.66666667,0,33.66666667,0,10.66666667
285,2020,50.33333333,7.333333333,0,0,10,82.66666667
286,2020,19,36,19.66666667,0,0,44.33333333
287,2020,44,65.33333333,18.66666667,2.666666667,0,13.33333333
288,2020,74.73333333,3.333333333,0,28.66666667,5,63
289,2020,28.6,30.66666667,0,17.66666667,0,51.66666667
290,2020,44.2,37,0,2,0,61
291,2020,12,18,7.333333333,0,0,74.66666667
292,2020,4.666666667,15.33333333,0,0,0.666666667,82.66666667
293,2020,44.66666667,2,0,3.333333333,6,88.66666667
295,2020,106.8666667,3.666666667,0,23.66666667,33.33333333,39.33333333
296,2020,62.66666667,94,2,4,0,0
297,2020,25.66666667,1.333333333,30.33333333,0,0,66.33333333
299,2020,10.33333333,0,4.666666667,0,5.333333333,90
300,2020,40.4,81.33333333,0,10.33333333,0,8.333333333
301,2020,77.53333333,54,0,1.333333333,0,44.66666667
303,2020,22.6,59.66666667,0,6.666666667,0,36.33333333
304,2020,30.4,0,0,0,16.33333333,83.66666667
305,2020,32,46.33333333,0,7.333333333,0,46.33333333
306,2020,22.73333333,29.13333333,0,15,0.333333333,55.53333333
307,2020,33.66666667,49,0,1.666666667,0,46
308,2020,2.266666667,0.333333333,0,0,0.933333333,98.73333333
309,2020,13.26666667,50,0,8.333333333,0,41.66666667
310,2020,6.133333333,7.266666667,0,0,0.266666667,92.6
311,2020,7.666666667,13.13333333,0,0,0,80.2
312,2020,14.26666667,0,0,0,8.333333333,91.66666667
313,2020,8.666666667,11.33333333,0,3.666666667,0,85
314,2020,14.13333333,39.13333333,0,0.466666667,0,53.73333333
315,2020,28.66666667,77.66666667,0,9.466666667,0,12.86666667
316,2020,72.86666667,47.33333333,0,2,0,50.66666667
317,2020,24.26666667,68.66666667,0,24.33333333,0,7
318,2020,,,,,,
319,2020,21.26666667,2.666666667,6.666666667,18,0,73.33333333
320,2020,39.73333333,33,0,0.333333333,0,66.66666667
321,2020,38.66666667,93.33333333,2.666666667,4,0,0
322,2020,75.66666667,11.33333333,70,1.333333333,0,24
323,2020,13,9.666666667,5,0,0,85.33333333
325,2020,12.66666667,0,0,0,4,96
326,2020,48.33333333,1.666666667,53,0,11.33333333,34
327,2020,49.53333333,16,0,0,13.33333333,71.33333333
329,2020,19.2,5.333333333,0,32.66666667,0,62
330,2020,24.53333333,13.33333333,0,1,1.666666667,84
331,2020,43.2,76.66666667,0,17.33333333,0,6
332,2020,53.33333333,48.66666667,0,0,0,51.33333333
333,2020,9.933333333,33.33333333,0,4,0,62.66666667
334,2020,49.66666667,69.66666667,4,0.666666667,0,25.66666667
335,2020,44,57.66666667,30.66666667,0,0,11.66666667
336,2020,0,0,0,0,0,100
337,2020,78.86666667,85.66666667,0,9.666666667,0,4.666666667
338,2020,28.26666667,1.333333333,0,0,11.33333333,87.33333333
340,2020,13.73333333,44.66666667,0,9.466666667,0,45.86666667
341,2020,39.53333333,29,0,16.66666667,0,54.33333333
342,2020,,,,,,
343,2020,26.46666667,50.6,0,13.73333333,0,35.66666667
344,2020,91.66666667,10,83.33333333,0,0,6.666666667
345,2020,48,12,3.333333333,0,52,32.66666667
346,2020,42.13333333,76.86666667,6.666666667,0.466666667,0,16.66666667
347,2020,15,19.33333333,13.33333333,0,0,67.33333333
348,2020,53.66666667,69.66666667,0,0.666666667,0,29.66666667
349,2020,21.53333333,16.66666667,0,14,0,69.33333333
350,2020,47.33333333,90.66666667,0,0.666666667,0,8.666666667
351,2020,52.26666667,56.33333333,0,0,2,41.66666667
352,2020,14.46666667,30.66666667,0,0.8,0,68.53333333
353,2020,3.666666667,2.333333333,0,2.666666667,0,95
354,2020,54.2,19,0,38.66666667,13.33333333,29
355,2020,44.06666667,60,0,4.333333333,0,35.66666667
356,2020,33.66666667,73.33333333,6.666666667,0.333333333,0,19.66666667
357,2020,6.8,16.66666667,0,2,0,81.33333333
358,2020,4.466666667,6.333333333,0,5.333333333,0,88.33333333
359,2020,43.2,80.66666667,0,0,0,19.33333333
360,2020,31.46666667,31.33333333,1,3,0,64.66666667
361,2020,30,20.66666667,0,12,0,67.33333333
362,2020,50.26666667,31,0,1,0,68
363,2020,30.66666667,31,0,0,0,69
364,2020,13.8,8,0,5,0,87
365,2020,43.66666667,20,3,13.66666667,0,63.66666667
366,2020,18.26666667,4,1,20.33333333,0,74.66666667
367,2020,13.66666667,9.666666667,0,0,1.666666667,88.66666667
368,2020,34.86666667,1.666666667,3.666666667,16.33333333,6,72.33333333
370,2020,58.26666667,49.66666667,0,2,0,48.33333333
371,2020,39.86666667,30.33333333,0,3.333333333,0,66.33333333
373,2020,12.6,12.66666667,0,6.333333333,0,81
374,2020,26.86666667,19.33333333,0,4.666666667,0,76
375,2020,34.66666667,34,0,2.333333333,0,63.66666667
376,2020,29.33333333,33.33333333,0,1,0,65.66666667
377,2020,29.93333333,4.333333333,0,0,15,80.66666667
378,2020,75.06666667,24.33333333,0,2.333333333,23.33333333,50
379,2020,14.26666667,28,0,0,0,72
380,2020,11.86666667,29,0,1.666666667,0,69.33333333
381,2020,10.73333333,24.33333333,0,0,0,75.66666667
382,2020,8,23,0,0,0,77
